headersHeadset Gamer P2/USB Warrior Rama PH219 Warrior CX 1 UN,R$ 170|80,3x de R$ 56|93
Headset Gamer P2 com USB blue light DHE-8010| 194Q8AA| HP - CX 1 UN,R$ 139|90,3x de R$ 46|63
Headset Gamer Askari P3 Stereo para PS4 azul PH292 Warrior CX 1 UN,R$ 129|90,3x de R$ 43|30
Headset Gamer Rama P3+usb Stereo P2 LED verde PH299 Warrior CX 1 UN,R$ 164|90,3x de R$ 54|97
Headset Gamer Harve P2 Stereo preto/verde PH298 Warrior CX 1 UN,R$ 98|90,Não Parcelável
Headset Gamer XBOX P2 HyperX Cloud Stinger Core HX-HSCSCX HyperX CX 1 UN CX 1 UN, R$ 262|11 à vista ,5x de R$ 55|18
Headset Gamer Cloud Stinger Core PC HX-HSCSC2- HyperX CX 1 UN, R$ 286|81 à vista ,3x de R$ 100|63
Headset Gamer P2 Exodus HGEX Elg CX 1 UN,R$ 159|90,3x de R$ 53|30
Headset Gamer Venom P3 HGVN Elg CX 1 UN,R$ 179|00,3x de R$ 59|67
Headset Gamer P2 verde PH146 Multilaser CX 1 UN,R$ 72|00,Não Parcelável
