headersMouse Gamer usb 8000dpi G203 Lightsync pt 910-005793 Logitech G CX 1 UN, R$ 161|41 à vista ,5x de R$ 33|98
Mouse Gamer Pulsefire Core RGB| 6200 DPI| USB| MC00413 - HyperX -   CX 1 UN, R$ 194|66 à vista ,5x de R$ 40|98
Mouse Gamer usb 8000dpi G203 Lightsync br 910-005794 Logitech G CX 1 UN, R$ 161|41 à vista ,5x de R$ 33|98
Mouse Gamer usb 2400dpi LED 7 cores preto MO298 Multilaser CX 1 UN,R$ 38|00,Não Parcelável
Mouse Gamer Warrior Profissional Multilaser| 7 botões| 3200 dpi  MO207 - Multilaser CX 1 UN,R$ 133|00,3x de R$ 44|33
Mouse Gamer USB 4800dpi Pro M7 Rgb preto 64386 Fortrek CX 1 UN,R$ 106|00,Não Parcelável
Mouse Gamer USB 7 botões GMF-01 4800DPI 90008-01 X-zone CX 1 UN,R$ 116|40,3x de R$ 38|80
Mouse Gamer USB 8 botões GMF-03 3200DPI 90015-01 X-zone CX 1 UN,R$ 80|90,Não Parcelável
Mouse Gamer USB 2400dpi Dragon War  MGDW Elg CX 1 UN,R$ 49|00,Não Parcelável
Mouse Gamer USB 4800dpi Pro M3 RGB preto 64384 Fortrek CX 1 UN,R$ 146|50,3x de R$ 48|83
